"","ML_by_tscores","ML_by_sites","ML_by_tscores_r","ML_by_sites_r"
"num_tscores",385,385,385,385
"num_articles",36,36,36,36
"thetahat",0.923076923076925,1.03333333333333,1.2,0.857142857142858
"deltahat",-0.0276649524373061,0.00544497359642582,0.00549750922746697,0.0325080132389239
"varest_theta",0.354609432442844,0.100108641975309,1.0976,0.244897959183675
"varest_delta",0.00459242993466774,0.00153294500295606,0.00124831194103322,0.000802290118384489
