"","ML_by_tscores","ML_by_sites","ML_by_tscores_r","ML_by_sites_r"
"num_tscores",385,385,385,385
"num_articles",36,36,36,36
"thetahat",0.923076923076925,1.03333333333333,1.2,0.857142857142858
"deltahat",-0.00540411029930234,-0.00544497359642583,-0.0325642371148328,-0.0325080132389239
"varest_delta",0.00178463514084642,0.00153294500295606,0.000555792755144187,0.00080229011838449
"varest_theta",0.488425925925926,0.0878030927288064,0.529320987654321,0.453703703703704
